id,time,temp,dew,rh,wind_dir,wind_speed,weather,clouds,visibility,low_visibil,high_humi,weather_f,turbulence_risk
VIDP,2026-01-01 11:30:00+00:00,59,54,82,240.0,4,BR,SCT100,0.81,True,True,False,1
VIDP,2026-01-01 11:00:00+00:00,59,52,77,220.0,3,BR,SCT100,0.93,True,False,False,1
VIDP,2026-01-01 10:30:00+00:00,59,52,77,230.0,4,BR,SCT100,0.93,True,False,False,1
VIDP,2026-01-01 10:00:00+00:00,59,52,77,220.0,3,BR,SCT100,0.93,True,False,False,1
VIDP,2026-01-01 09:30:00+00:00,61,52,72,190.0,3,HZ,SCT100,0.93,True,False,False,1
VIDP,2026-01-01 09:00:00+00:00,61,52,72,150.0,3,HZ HZ,FEW035 SCT100,0.87,True,False,False,1
VIDP,2026-01-01 08:30:00+00:00,59,52,77,170.0,4,BR HZ,FEW035 BKN100,0.81,True,False,False,1
VIDP,2026-01-01 08:00:00+00:00,59,52,77,150.0,4,BR,BKN100,0.68,True,False,False,1
VIDP,2026-01-01 07:30:00+00:00,59,52,77,160.0,3,BR,BKN100,0.68,True,False,False,1
VIDP,2026-01-01 07:00:00+00:00,57,50,77,130.0,3,BR,BKN100,0.68,True,False,False,1
VIDP,2026-01-01 06:30:00+00:00,57,50,77,130.0,3,BR,FEW035 SCT100,0.68,True,False,False,1
VIDP,2026-01-01 06:00:00+00:00,55,50,82,120.0,4,BR,FEW035 SCT100,0.62,True,True,False,1
VIDP,2026-01-01 05:30:00+00:00,54,50,88,120.0,7,MIFG,FEW035 SCT100,0.5,True,True,False,1
VIDP,2026-01-01 05:00:00+00:00,54,50,88,130.0,7,MIFG,FEW035 SCT100,0.5,True,True,False,1
VIDP,2026-01-01 04:30:00+00:00,52,50,94,130.0,6,MIFG MIFG,FEW035 SCT100,0.43,True,True,False,1
VIDP,2026-01-01 04:00:00+00:00,52,50,94,140.0,6,MIFG MIFG,FEW035 SCT100,0.43,True,True,False,1
VIDP,2026-01-01 03:30:00+00:00,52,50,94,110.0,5,MIFG,FEW035 SCT100,0.37,True,True,False,1
VIDP,2026-01-01 03:00:00+00:00,52,50,94,130.0,6,MIFG,FEW035 SCT100,0.37,True,True,False,1
VIDP,2026-01-01 02:30:00+00:00,52,50,94,130.0,6,MIFG MIFG,FEW035 SCT100,0.31,True,True,False,1
VIDP,2026-01-01 02:00:00+00:00,52,50,94,120.0,8,MIFG MIFG,SCT035 SCT100,0.31,True,True,False,1
VIDP,2026-01-01 01:30:00+00:00,52,50,94,120.0,8,MIFG MIFG,SCT035 SCT100,0.31,True,True,False,1
VIDP,2026-01-01 01:00:00+00:00,52,50,94,120.0,8,MIFG,SCT035 SCT100,0.31,True,True,False,1
VIDP,2026-01-01 00:30:00+00:00,52,50,94,120.0,8,-DZ,SCT035 SCT100,0.31,True,True,False,1
VIDP,2026-01-01 00:00:00+00:00,52,50,94,90.0,9,-TSRA TSRA,SCT035 FEW040CB SCT090,0.31,True,True,True,1
VIDP,2025-12-31 23:30:00+00:00,52,50,94,90.0,9,MIFG TSRA,FEW035 FEW040CB SCT100,0.37,True,True,True,1
VIDP,2025-12-31 23:00:00+00:00,52,50,94,100.0,6,MIFG TSRA,FEW035 FEW040CB SCT100,0.37,True,True,True,1
VIDP,2025-12-31 22:30:00+00:00,52,50,94,140.0,4,MIFG MIFG,FEW035 SCT100,0.31,True,True,False,1
VIDP,2025-12-31 22:00:00+00:00,52,50,94,130.0,3,MIFG,FEW035 SCT100,0.31,True,True,False,1
VIDP,2025-12-31 21:30:00+00:00,52,50,94,160.0,4,MIFG,SCT100,0.31,True,True,False,1
VIDP,2025-12-31 21:00:00+00:00,52,50,94,130.0,6,MIFG,SCT100,0.31,True,True,False,1
VIDP,2025-12-31 20:30:00+00:00,54,52,94,110.0,7,MIFG,SCT100,0.31,True,True,False,1
VIDP,2025-12-31 20:00:00+00:00,54,52,94,120.0,7,MIFG,SCT100,0.31,True,True,False,1
VIDP,2025-12-31 19:30:00+00:00,54,52,94,140.0,6,MIFG,SCT100,0.31,True,True,False,1
VIDP,2025-12-31 19:00:00+00:00,54,52,94,120.0,7,MIFG,SCT100,0.31,True,True,False,1
VIDP,2025-12-31 18:30:00+00:00,54,52,94,110.0,6,MIFG,SCT100,0.31,True,True,False,1
VIDP,2025-12-31 18:00:00+00:00,54,52,94,100.0,5,MIFG,SCT100,0.31,True,True,False,1
VIDP,2025-12-31 17:30:00+00:00,52,50,94,120.0,5,MIFG,FEW100,0.31,True,True,False,1
VIDP,2025-12-31 17:00:00+00:00,52,50,94,120.0,5,MIFG FG,FEW100,0.31,True,True,False,1
VIDP,2025-12-31 16:30:00+00:00,52,50,94,120.0,5,MIFG FG,FEW100,0.31,True,True,False,1
VIDP,2025-12-31 16:00:00+00:00,52,50,94,120.0,4,MIFG FG,FEW100,0.31,True,True,False,1
VIDP,2025-12-31 15:30:00+00:00,52,50,94,120.0,4,MIFG,FEW100,0.37,True,True,False,1
VIDP,2025-12-31 15:00:00+00:00,52,50,94,110.0,5,MIFG MIFG,FEW100,0.43,True,True,False,1
VIDP,2025-12-31 14:30:00+00:00,52,50,94,100.0,6,MIFG MIFG,FEW100,0.5,True,True,False,1
VIDP,2025-12-31 14:00:00+00:00,52,50,94,110.0,5,MIFG MIFG,FEW100,0.56,True,True,False,1
VIDP,2025-12-31 13:30:00+00:00,54,50,88,100.0,6,BR,SCT100,0.62,True,True,False,1
VIDP,2025-12-31 13:00:00+00:00,54,50,88,90.0,6,BR,SCT100,0.62,True,True,False,1
VIDP,2025-12-31 12:30:00+00:00,54,50,88,90.0,8,BR,SCT100,0.68,True,True,False,1
VIDP,2025-12-31 12:00:00+00:00,55,50,82,100.0,8,BR,SCT100,0.68,True,True,False,1
VIDP,2025-12-31 11:30:00+00:00,55,50,82,100.0,8,BR,SCT100,0.68,True,True,False,1
VIDP,2025-12-31 11:00:00+00:00,55,50,82,100.0,8,BR,SCT100,0.68,True,True,False,1
VIDP,2025-12-31 10:30:00+00:00,55,50,82,100.0,8,BR,SCT100,0.68,True,True,False,1
VIDP,2025-12-31 10:00:00+00:00,55,50,82,100.0,9,BR,SCT100,0.68,True,True,False,1
VIDP,2025-12-31 09:30:00+00:00,55,50,82,100.0,8,BR,,0.68,True,True,False,1
VIDP,2025-12-31 09:00:00+00:00,55,50,82,100.0,7,BR,,0.62,True,True,False,1
VIDP,2025-12-31 08:30:00+00:00,55,50,82,100.0,7,BR,,0.62,True,True,False,1
VIDP,2025-12-31 08:00:00+00:00,55,50,82,100.0,7,MIFG,,0.56,True,True,False,1
VIDP,2025-12-31 07:30:00+00:00,54,50,88,100.0,7,MIFG,,0.56,True,True,False,1
VIDP,2025-12-31 07:00:00+00:00,54,50,88,90.0,7,MIFG,,0.56,True,True,False,1
VIDP,2025-12-31 06:30:00+00:00,54,50,88,90.0,7,MIFG,,0.5,True,True,False,1
VIDP,2025-12-31 06:00:00+00:00,52,50,94,90.0,7,MIFG MIFG,,0.43,True,True,False,1
VIDP,2025-12-31 05:30:00+00:00,52,50,94,110.0,6,MIFG MIFG,,0.37,True,True,False,1
VIDP,2025-12-31 05:00:00+00:00,52,50,94,110.0,6,MIFG,,0.37,True,True,False,1
VIDP,2025-12-31 04:30:00+00:00,52,50,94,110.0,6,MIFG MIFG,,0.31,True,True,False,1
VIDP,2025-12-31 04:00:00+00:00,52,50,94,120.0,5,FG MIFG,,0.25,True,True,False,1
VIDP,2025-12-31 03:30:00+00:00,50,50,100,120.0,6,FG,,0.25,True,True,False,1
VIDP,2025-12-31 03:00:00+00:00,50,50,100,120.0,5,FG FG,,0.16,True,True,False,1
VIDP,2025-12-31 02:30:00+00:00,50,50,100,100.0,5,FG,,0.09,True,True,False,1
VIDP,2025-12-31 02:00:00+00:00,50,50,100,110.0,5,FG FG,,0.03,True,True,False,1
VIDP,2025-12-31 01:30:00+00:00,50,50,100,90.0,4,FG,,0.03,True,True,False,1
VIDP,2025-12-31 01:00:00+00:00,50,50,100,80.0,5,FG,,0.03,True,True,False,1
VIDP,2025-12-31 00:30:00+00:00,50,50,100,90.0,3,FG,,0.03,True,True,False,1
VIDP,2025-12-31 00:00:00+00:00,50,50,100,110.0,3,FG,,0.03,True,True,False,1
VIDP,2025-12-30 23:30:00+00:00,50,50,100,,2,FG,,0.03,True,True,False,1
VIDP,2025-12-30 23:00:00+00:00,50,50,100,90.0,3,FG,,0.03,True,True,False,1
VIDP,2025-12-30 22:30:00+00:00,48,48,100,90.0,5,FG,,0.03,True,True,False,1
VIDP,2025-12-30 22:00:00+00:00,48,48,100,,2,FG FG,,0.12,True,True,False,1
VIDP,2025-12-30 21:30:00+00:00,48,48,100,100.0,3,FG FG,,0.12,True,True,False,1
VIDP,2025-12-30 21:00:00+00:00,48,48,100,90.0,3,MIFG FG,,0.37,True,True,False,1
VIDP,2025-12-30 20:30:00+00:00,50,48,93,,2,MIFG MIFG,,0.43,True,True,False,1
VIDP,2025-12-30 20:00:00+00:00,50,48,93,90.0,3,MIFG MIFG,,0.56,True,True,False,1
VIDP,2025-12-30 19:30:00+00:00,50,48,93,100.0,3,BR MIFG,,0.68,True,True,False,1
VIDP,2025-12-30 19:00:00+00:00,50,48,93,,2,BR,,0.68,True,True,False,1
VIDP,2025-12-30 18:30:00+00:00,50,48,93,,2,BR,,0.68,True,True,False,1
VIDP,2025-12-30 18:00:00+00:00,50,48,93,,2,BR MIFG,,0.68,True,True,False,1
VIDP,2025-12-30 17:30:00+00:00,52,48,87,,2,BR MIFG,,0.68,True,True,False,1
VIDP,2025-12-30 17:00:00+00:00,52,48,87,0.0,0,BR MIFG,,0.75,True,True,False,1
VIDP,2025-12-30 16:30:00+00:00,54,50,88,,2,BR,,0.81,True,True,False,1
VIDP,2025-12-30 16:00:00+00:00,54,50,88,50.0,3,BR BR,,1.18,True,True,False,1
VIDP,2025-12-30 15:30:00+00:00,55,50,82,,2,BR,,1.3,True,True,False,1
VIDP,2025-12-30 15:00:00+00:00,55,50,82,0.0,0,BR,,1.43,True,True,False,1
VIDP,2025-12-30 14:30:00+00:00,55,50,82,320.0,3,BR,FEW100,1.43,True,True,False,1
VIDP,2025-12-30 14:00:00+00:00,57,50,77,0.0,0,HZ,FEW100,1.43,True,False,False,1
VIDP,2025-12-30 13:30:00+00:00,57,50,77,,2,HZ,FEW100,1.55,True,False,False,1
VIDP,2025-12-30 13:00:00+00:00,59,50,72,,2,HZ,FEW100,1.55,True,False,False,1
VIDP,2025-12-30 12:30:00+00:00,61,48,63,,2,HZ,FEW100,1.55,True,False,False,1
VIDP,2025-12-30 12:00:00+00:00,64,46,52,280.0,3,HZ,FEW100,1.55,True,False,False,1
VIDP,2025-12-30 11:30:00+00:00,66,46,49,280.0,4,HZ,,1.55,True,False,False,1
VIDP,2025-12-30 11:00:00+00:00,66,46,49,270.0,4,HZ,,1.55,True,False,False,1
VIDP,2025-12-30 10:30:00+00:00,66,45,46,270.0,4,HZ,,1.55,True,False,False,1
VIDP,2025-12-30 10:00:00+00:00,66,46,49,260.0,4,HZ,,1.37,True,False,False,1
VIDP,2025-12-30 09:30:00+00:00,64,48,56,270.0,5,HZ,,1.24,True,False,False,1
VIDP,2025-12-30 09:00:00+00:00,64,52,64,260.0,4,FU HZ,,0.87,True,False,False,1
VIDP,2025-12-30 08:30:00+00:00,63,54,72,250.0,4,FU,,0.68,True,False,False,1
VIDP,2025-12-30 08:00:00+00:00,61,54,77,270.0,4,BR,,0.62,True,False,False,1
VIDP,2025-12-30 07:30:00+00:00,61,54,77,280.0,5,MIFG,FEW100,0.56,True,False,False,1
VIDP,2025-12-30 07:00:00+00:00,59,54,82,280.0,5,MIFG,FEW100,0.5,True,True,False,1
VIDP,2025-12-30 06:30:00+00:00,57,52,82,280.0,4,MIFG MIFG,FEW100,0.43,True,True,False,1
VIDP,2025-12-30 06:00:00+00:00,55,52,88,290.0,3,MIFG MIFG,,0.37,True,True,False,1
VIDP,2025-12-30 05:30:00+00:00,54,52,94,250.0,3,MIFG MIFG,,0.31,True,True,False,1
VIDP,2025-12-30 05:00:00+00:00,52,50,94,,2,MIFG MIFG,,0.31,True,True,False,1
VIDP,2025-12-30 04:30:00+00:00,52,50,94,,2,FG MIFG,,0.25,True,True,False,1
VIDP,2025-12-30 04:00:00+00:00,50,50,100,,2,FG,,0.22,True,True,False,1
VIDP,2025-12-30 03:30:00+00:00,50,48,93,,2,FG FG,,0.19,True,True,False,1
VIDP,2025-12-30 03:00:00+00:00,50,48,93,,2,FG FG,,0.22,True,True,False,1
VIDP,2025-12-30 02:30:00+00:00,50,48,93,,2,FG,,0.22,True,True,False,1
VIDP,2025-12-30 02:00:00+00:00,50,48,93,,2,FG,,0.22,True,True,False,1
VIDP,2025-12-30 01:30:00+00:00,50,48,93,0.0,0,FG,,0.22,True,True,False,1
VIDP,2025-12-30 01:00:00+00:00,50,50,100,0.0,0,FG,,0.22,True,True,False,1
VIDP,2025-12-30 00:30:00+00:00,50,50,100,0.0,0,FG,,0.22,True,True,False,1
VIDP,2025-12-30 00:00:00+00:00,50,50,100,,2,FG,,0.22,True,True,False,1
VIDP,2025-12-29 23:30:00+00:00,50,50,100,0.0,0,FG,,0.22,True,True,False,1
VIDP,2025-12-29 23:00:00+00:00,50,50,100,0.0,0,FG,,0.22,True,True,False,1
VIDP,2025-12-29 22:30:00+00:00,50,50,100,0.0,0,FG,,0.22,True,True,False,1
VIDP,2025-12-29 22:00:00+00:00,50,50,100,0.0,0,FG FG,,0.19,True,True,False,1
VIDP,2025-12-29 21:30:00+00:00,50,50,100,0.0,0,FG FG,,0.12,True,True,False,1
VIDP,2025-12-29 21:00:00+00:00,50,50,100,0.0,0,FG FG,,0.06,True,True,False,1
VIDP,2025-12-29 20:30:00+00:00,50,50,100,0.0,0,FG,,0.03,True,True,False,1
VIDP,2025-12-29 20:00:00+00:00,50,50,100,0.0,0,FG,,0.03,True,True,False,1
VIDP,2025-12-29 19:30:00+00:00,50,50,100,0.0,0,FG,,0.03,True,True,False,1
VIDP,2025-12-29 19:00:00+00:00,50,50,100,0.0,0,FG,,0.03,True,True,False,1
VIDP,2025-12-29 18:30:00+00:00,50,50,100,0.0,0,FG,,0.03,True,True,False,1
VIDP,2025-12-29 18:00:00+00:00,50,50,100,0.0,0,FG,,0.06,True,True,False,1
VIDP,2025-12-29 17:30:00+00:00,50,50,100,0.0,0,FG,,0.06,True,True,False,1
VIDP,2025-12-29 17:00:00+00:00,52,50,94,140.0,3,FG,,0.06,True,True,False,1
VIDP,2025-12-29 16:30:00+00:00,54,50,88,150.0,3,FG FG,,0.12,True,True,False,1
VIDP,2025-12-29 16:00:00+00:00,55,52,88,,2,BCFG FG,,0.31,True,True,False,1
VIDP,2025-12-29 15:30:00+00:00,55,52,88,,2,MIFG FG,,0.37,True,True,False,1
VIDP,2025-12-29 15:00:00+00:00,55,52,88,0.0,0,MIFG MIFG,,0.43,True,True,False,1
VIDP,2025-12-29 14:30:00+00:00,55,54,94,0.0,0,MIFG MIFG,,0.5,True,True,False,1
VIDP,2025-12-29 14:00:00+00:00,55,54,94,0.0,0,BR MIFG,,0.62,True,True,False,1
VIDP,2025-12-29 13:30:00+00:00,57,52,82,,2,BR,,0.81,True,True,False,1
VIDP,2025-12-29 13:00:00+00:00,57,52,82,,2,BR,,0.81,True,True,False,1
VIDP,2025-12-29 12:30:00+00:00,59,52,77,260.0,3,BR,,0.68,True,False,False,1
VIDP,2025-12-29 12:00:00+00:00,59,52,77,260.0,4,BR,,0.68,True,False,False,1
VIDP,2025-12-29 11:30:00+00:00,63,52,68,270.0,5,HZ,,0.81,True,False,False,1
VIDP,2025-12-29 11:00:00+00:00,64,52,64,270.0,5,HZ,,0.81,True,False,False,1
VIDP,2025-12-29 10:30:00+00:00,64,50,59,290.0,4,FU,,0.81,True,False,False,1
VIDP,2025-12-29 10:00:00+00:00,66,52,60,290.0,4,FU,,0.81,True,False,False,1
VIDP,2025-12-29 09:30:00+00:00,66,52,60,280.0,3,FU,,0.75,True,False,False,1
VIDP,2025-12-29 09:00:00+00:00,64,52,64,260.0,3,FU,FEW100,0.68,True,False,False,1
VIDP,2025-12-29 08:30:00+00:00,64,52,64,,2,FU,FEW100,0.62,True,False,False,1
VIDP,2025-12-29 08:00:00+00:00,63,52,68,,2,FU,FEW100,0.62,True,False,False,1
VIDP,2025-12-29 07:30:00+00:00,61,54,77,,2,MIFG,FEW100,0.56,True,False,False,1
VIDP,2025-12-29 07:00:00+00:00,59,54,82,180.0,3,MIFG,FEW100,0.5,True,True,False,1
VIDP,2025-12-29 06:30:00+00:00,57,54,88,180.0,3,MIFG MIFG,FEW100,0.43,True,True,False,1
VIDP,2025-12-29 06:00:00+00:00,57,54,88,,2,MIFG MIFG,,0.37,True,True,False,1
VIDP,2025-12-29 05:30:00+00:00,55,54,94,,2,MIFG MIFG,,0.37,True,True,False,1
VIDP,2025-12-29 05:00:00+00:00,55,54,94,,2,MIFG MIFG,,0.31,True,True,False,1
VIDP,2025-12-29 04:30:00+00:00,54,52,94,,2,FG MIFG,,0.25,True,True,False,1
VIDP,2025-12-29 04:00:00+00:00,54,52,94,,2,FG FG,,0.16,True,True,False,1
VIDP,2025-12-29 03:30:00+00:00,52,52,100,230.0,3,FG FG,,0.09,True,True,False,1
VIDP,2025-12-29 03:00:00+00:00,52,52,100,0.0,0,FG FG,,0.06,True,True,False,1
VIDP,2025-12-29 02:30:00+00:00,52,52,100,0.0,0,FG FG,,0.03,True,True,False,1
VIDP,2025-12-29 02:00:00+00:00,52,52,100,,2,FG,,0.03,True,True,False,1
VIDP,2025-12-29 01:30:00+00:00,52,52,100,,2,FG,,0.03,True,True,False,1
VIDP,2025-12-29 01:00:00+00:00,50,50,100,,2,FG,,0.03,True,True,False,1
VIDP,2025-12-29 00:30:00+00:00,50,50,100,,2,FG,,0.03,True,True,False,1
VIDP,2025-12-29 00:00:00+00:00,50,50,100,,2,FG,,0.03,True,True,False,1
VIDP,2025-12-28 23:30:00+00:00,50,50,100,,2,FG,,0.03,True,True,False,1
VIDP,2025-12-28 23:00:00+00:00,50,50,100,0.0,0,FG,,0.03,True,True,False,1
VIDP,2025-12-28 22:30:00+00:00,50,50,100,,2,FG,,0.03,True,True,False,1
VIDP,2025-12-28 22:00:00+00:00,50,50,100,,2,FG,,0.03,True,True,False,1
VIDP,2025-12-28 21:30:00+00:00,50,50,100,,2,FG,,0.03,True,True,False,1
VIDP,2025-12-28 21:00:00+00:00,50,50,100,,2,FG,,0.03,True,True,False,1
VIDP,2025-12-28 20:30:00+00:00,50,50,100,,2,FG,,0.06,True,True,False,1
VIDP,2025-12-28 20:00:00+00:00,52,50,94,,2,FG FG,,0.16,True,True,False,1
VIDP,2025-12-28 19:30:00+00:00,52,50,94,,2,FG FG,,0.28,True,True,False,1
VIDP,2025-12-28 19:00:00+00:00,52,50,94,,2,MIFG FG,,0.31,True,True,False,1
VIDP,2025-12-28 18:30:00+00:00,52,50,94,,2,MIFG,,0.31,True,True,False,1
VIDP,2025-12-28 18:00:00+00:00,54,52,94,110.0,3,MIFG,,0.37,True,True,False,1
VIDP,2025-12-28 17:30:00+00:00,54,52,94,90.0,3,MIFG,,0.37,True,True,False,1
VIDP,2025-12-28 17:00:00+00:00,54,52,94,,2,MIFG MIFG,,0.4,True,True,False,1
VIDP,2025-12-28 16:30:00+00:00,54,52,94,,2,MIFG MIFG,,0.43,True,True,False,1
VIDP,2025-12-28 16:00:00+00:00,55,52,88,130.0,3,MIFG MIFG,,0.5,True,True,False,1
VIDP,2025-12-28 15:30:00+00:00,55,52,88,,2,MIFG MIFG,,0.56,True,True,False,1
VIDP,2025-12-28 15:00:00+00:00,55,52,88,80.0,3,BR MIFG,,0.75,True,True,False,1
VIDP,2025-12-28 14:30:00+00:00,57,52,82,70.0,4,BR,,0.87,True,True,False,1
VIDP,2025-12-28 14:00:00+00:00,59,54,82,60.0,4,BR BR,,1.18,True,True,False,1
VIDP,2025-12-28 13:30:00+00:00,61,52,72,40.0,4,HZ,,1.37,True,False,False,1
VIDP,2025-12-28 13:00:00+00:00,63,52,68,0.0,0,HZ,,1.37,True,False,False,1
VIDP,2025-12-28 12:30:00+00:00,63,48,59,240.0,4,HZ,FEW100,1.37,True,False,False,1
